Record,Length,non-apn,apnea,hours,AI,HI,AHI,Age,Sex,height,weight,BMI,Risk,Risk%
a01,490,20,470,9,12.5,57.1,0.696,51,-1,1.75,102,0.5260039499670837,26.826201448321267,0.6483463447749163
a02,529,109,420,9,57.2,12.3,0.695,38,-1,1.8,120,0.6463560334528077,24.56152927120669,0.5936128436128436
a03,520,274,246,9,38.4,0.7,0.391,54,-1,1.68,80,0.3659571355423891,19.76168531928901,0.47760829903687063
a04,493,40,453,9,73.4,4.0,0.774,52,-1,1.73,121,0.7557746882676096,39.3002837899157,0.9498249460660501
a05,455,179,276,8,35.0,6.0,0.41,58,-1,1.76,78,0.2638962943215142,15.305985070647822,0.3699211568529749
a06,511,305,206,8,16.6,8.1,0.247,63,-1,1.79,104,0.4986584728639012,31.415483790425775,0.7592619523153838
a07,512,190,322,9,46.0,17.0,0.63,44,-1,1.77,105,0.5327507544797718,23.44103319710996,0.5665322472274497
a08,502,313,189,7,32.0,10.0,0.42,51,-1,1.79,88,0.3375745390734251,17.21630149274468,0.41609044668015993
a09,496,115,381,9,23.1,8.6,0.317,52,-1,1.78,82,0.2864700204845429,14.89644106519623,0.3600231338521958
a10,518,418,100,6,11.0,10.0,0.21,58,-1,1.76,78,0.2638962943215142,15.305985070647822,0.3699211568529749
a11,467,245,222,8,11.0,3.0,0.14,58,-1,1.68,103,0.6288311023334068,36.472203935337596,0.8814747832604981
a12,578,44,534,10,70.0,10.2,0.802,52,-1,1.73,121,0.7557746882676096,39.3002837899157,0.9498249460660501
a13,496,252,244,9,32.0,10.0,0.42,51,-1,1.79,88,0.3375745390734251,17.21630149274468,0.41609044668015993
a14,510,127,383,8,17.3,37.4,0.547,51,-1,1.75,102,0.5260039499670837,26.826201448321267,0.6483463447749163
a15,511,143,368,9,46.0,6.0,0.52,60,-1,1.76,113,0.6283824313516395,37.70294588109837,0.9112198458789368
a16,483,163,320,7,17.0,24.0,0.41,44,-1,1.77,105,0.5327507544797718,23.44103319710996,0.5665322472274497
a17,486,328,158,5,21.0,12.0,0.33,40,-1,1.79,96,0.4181165059686632,16.724660238746527,0.4042082646058802
a18,490,52,438,9,75.5,6.9,0.8240000000000001,52,-1,1.78,82,0.2864700204845429,14.89644106519623,0.3600231338521958
a19,503,298,205,9,34.0,0.0,0.34,55,-1,1.78,90,0.3679194953390538,20.23557224364796,0.48906138738546273
a20,511,196,315,9,35.0,6.0,0.41,58,-1,1.76,78,0.2638962943215142,15.305985070647822,0.3699211568529749
b02,518,425,93,5,14.0,5.0,0.19,53,-1,1.76,85,0.3367935217275394,17.850056651559587,0.4314072943334308
b03,442,369,73,4,22.0,2.0,0.24,53,-1,1.76,85,0.3367935217275394,17.850056651559587,0.4314072943334308
b04,430,420,10,1,0.7,0.0,0.0069999999999999,42,-1,1.8,64,0.0888092393468737,3.7299880525686953,0.0901478401478401
b05,434,377,57,3,2.0,3.0,0.05,52,-1,1.8,135,0.7956989247311828,41.376344086021504,1.0
c01,485,485,0,0,0.0,0.0,0.0,31,-1,1.84,74,0.1566863833160558,4.85727788279773,0.11739263074329233
c02,503,502,1,0,0.0,0.0,0.0,37,-1,1.8,83,0.2779769016328155,10.285145360414175,0.24857549857549852
c03,455,455,0,0,0.0,0.0,0.0,39,-1,1.84,65,0.0709342033050795,2.766433928898101,0.0668602794666121
c08,535,535,0,0,0.0,0.0,0.0,42,-1,1.8,64,0.0888092393468737,3.7299880525686953,0.0901478401478401
c09,469,467,2,0,0.0,0.0,0.0,37,-1,1.8,83,0.2779769016328155,10.285145360414175,0.24857549857549852
c10,432,431,1,0,0.0,0.0,0.0,27,-1,1.84,72,0.1376303433136166,3.716019269467648,0.08981023702195719
x01,524,149,375,9,46.0,17.0,0.63,44,-1,1.77,105,0.5327507544797718,23.44103319710996,0.5665322472274497
x02,470,261,209,7,27.3,10.4,0.377,46,-1,1.67,69,0.2497076544226594,11.486552103442333,0.2776115763046094
x04,483,483,0,0,0.0,0.0,0.0,39,-1,1.84,65,0.0709342033050795,2.766433928898101,0.0668602794666121
x05,506,190,316,9,34.0,0.0,0.34,55,-1,1.78,90,0.3679194953390538,20.23557224364796,0.48906138738546273
x06,451,451,0,0,0.0,0.0,0.0,31,-1,1.7,66,0.1883022658778882,5.837370242214535,0.14107989410757582
x07,510,270,240,8,11.0,10.0,0.21,58,-1,1.76,78,0.2638962943215142,15.305985070647822,0.3699211568529749
x08,518,194,324,8,48.0,0.0,0.48,55,-1,1.78,90,0.3679194953390538,20.23557224364796,0.48906138738546273
x09,509,342,167,5,1.8,16.7,0.185,43,-1,1.77,80,0.2753369803716848,11.839490155982446,0.2861415240401163
x10,511,415,96,6,3.0,7.0,0.1,39,-1,1.7,131,0.913829668489787,35.63935707110169,0.8613462077994952
x11,458,445,13,1,2.0,3.0,0.05,52,-1,1.8,135,0.7956989247311828,41.376344086021504,1.0
x12,528,471,57,4,21.0,12.0,0.33,40,-1,1.79,96,0.4181165059686632,16.724660238746527,0.4042082646058802
x13,507,215,292,8,18.5,0.2,0.187,57,-1,1.71,97,0.521696777944358,29.736716342828405,0.718688830530936
x14,491,52,439,9,61.2,18.3,0.795,38,-1,1.8,120,0.6463560334528077,24.56152927120669,0.5936128436128436
x15,499,299,200,8,11.3,4.6,0.159,63,-1,1.79,104,0.4986584728639012,31.415483790425775,0.7592619523153838
x16,516,451,65,4,22.0,2.0,0.24,53,-1,1.76,85,0.3367935217275394,17.850056651559587,0.4314072943334308
x18,460,458,2,0,0.0,0.0,0.0,27,-1,1.84,72,0.1376303433136166,3.716019269467648,0.08981023702195719
x19,488,81,407,9,50.1,6.1,0.562,54,-1,1.68,80,0.3659571355423891,19.76168531928901,0.47760829903687063
x20,514,250,264,8,34.0,9.0,0.43,51,-1,1.79,88,0.3375745390734251,17.21630149274468,0.41609044668015993
x21,511,391,120,4,14.0,5.0,0.19,53,-1,1.76,85,0.3367935217275394,17.850056651559587,0.4314072943334308
x23,528,409,119,3,9.9,4.4,0.143,43,-1,1.77,80,0.2753369803716848,11.839490155982446,0.2861415240401163
x24,430,429,1,0,0.0,0.0,0.0,31,-1,1.7,66,0.1883022658778882,5.837370242214535,0.14107989410757582
x25,511,220,291,9,48.0,0.0,0.48,55,-1,1.78,90,0.3679194953390538,20.23557224364796,0.48906138738546273
x26,521,177,344,9,14.4,0.7,0.151,57,-1,1.71,97,0.521696777944358,29.736716342828405,0.718688830530936
x27,499,11,488,9,71.0,4.0,0.75,60,-1,1.76,113,0.6283824313516395,37.70294588109837,0.9112198458789368
x28,496,62,434,9,71.0,4.0,0.75,60,-1,1.76,113,0.6283824313516395,37.70294588109837,0.9112198458789368
x30,512,186,326,9,17.0,24.0,0.41,44,-1,1.77,105,0.5327507544797718,23.44103319710996,0.5665322472274497
x35,484,484,0,0,0.0,0.0,0.0,31,-1,1.84,74,0.1566863833160558,4.85727788279773,0.11739263074329233
